{"cut1": -0.46226398761714305, "cut2": 1.0336594373271466, "centers": [-1.1901095617529873, 0.2655815865187013, 1.8017372881355918]}